Predicted_pKa,Predicted_Error,Experimental_pKa,Experimental_Error,Residue_Type
6.245677083,0.101860607,6.5,0.1,HIS
6.390366492,0.125641273,5.7,0.3,HIS
4.02765625,0.656410081,2.91,0.02,ASP
2.616229508,0.85331465,3.01,0.02,ASP
4.095129534,0.459647431,3.87,0.09,ASP
2.272487047,0.148166798,2.2,0.1,ASP
2.582072539,0.185580883,2.2,0.1,ASP
2.77238342,0.232351168,2.2,0.1,ASP
3.905,0.177552809,3.8,0.1,ASP
3.716321244,0.22380006,3.45,0.02,GLU
4.871595745,0.456031221,4.4,0.01,GLU
3.964438503,0.169668063,3.9,0.1,GLU
4.252487047,0.157822065,3.9,0.01,GLU
3.798848168,0.286132787,3.76,0.07,GLU
4.534715026,0.162837681,3.8,0.01,GLU
3.557720207,0.275985252,3.31,0.1,GLU
5.094715026,0.237266485,4.41,0.01,GLU
3.635625,0.395984565,3.89,0.1,GLU
4.245284974,0.373787569,4.3,0.1,GLU
2.963419689,0.376284969,3.76,0.08,GLU
4.336363636,0.550723041,4.45,0.01,GLU
7.3625,0.328738118,5.3,0.2,LYS
10.77,0.355902608,5.6,0.2,LYS
7.37,1.024402265,6.3,0.2,LYS
7.48,0,6.5,0.2,LYS
8.19,0,7.1,0.2,LYS
8.5,0.99823177,7.2,0.2,LYS
8.976,1.460528671,7.3,0.2,LYS
9.295,0.152725243,7.4,0.2,LYS
8.953333333,1.331724029,8.1,0.2,LYS
10.098,0.101271911,8.6,0.2,LYS
7.25,0,6.2,0.2,LYS
8.37,0,7.7,0.2,LYS
8.16,1.059056184,8.2,0.2,LYS
11.7075,1.219249257,9.4,0.2,GLU
8.12,0.596447818,9.1,0.2,GLU
10.525,0.015,7.9,0.2,GLU
9.1325,0.07854139,7.6,0.2,GLU
5.92,1.284056074,9,0.2,GLU
7.04,1.752579052,8.7,0.2,GLU
7.093333333,1.503924496,8.5,0.2,GLU
7.165,1.175,8.4,0.2,GLU
9.06,0,8.2,0.2,GLU
9.344,2.475969305,7.7,0.2,GLU
7.91,0,7.5,0.2,GLU
4.985,0.095,7.3,0.2,GLU
6.255,1.149880429,7.1,0.2,GLU
8.76,0,7.1,0.2,GLU
6.17,0.14,6.8,0.2,GLU
10.63,0,6.4,0.2,GLU
5.64,0,4.5,0.2,GLU
3.248333333,0.98033016,3,0.1,ASP
2.87,0.120554275,2.5,0.1,ASP
3.835,0.043493295,2.7,0.1,ASP
3.345,0.288718433,3.2,0.1,ASP
3.926666667,0.011055416,3.6,0.1,ASP
6.454,0.750322597,4.6,0.1,GLU
7.623333333,1.364070705,6.7,0.1,GLU
4.161666667,0.138011674,3.7,0.1,ASP
3.975,0.01118034,4.9,0.1,ASP
3.79,0.460434577,2.4,0.1,ASP
5.701666667,0.045977047,7.4,0.1,ASP
2.355,0.749505392,3,0.1,ASP
3.003333333,0.571217024,3.1,0.1,ASP
4.455,0.220283908,5,0.1,GLU
4.741666667,0.291399878,4.1,0.1,GLU
4.931666667,0.630381278,3.4,0.1,GLU
4.665,0.089209491,3.5,0.1,GLU
3.723333333,0.445221543,3.1,0.1,GLU
5.931666667,0.076901813,8.3,0.1,HIS
6.008333333,0.159417342,6.4,0.1,HIS
10.35166667,0.085326172,11.3,0.1,TYR
10.22,0.080208063,10.6,0.1,TYR
12.32666667,0.615024841,11.5,0.1,TYR
11.44333333,0.035901099,11.5,0.1,TYR
11.33166667,0.102211654,11.5,0.1,TYR
13.724,0.743575148,11.5,0.1,TYR
7.431666667,0.292598511,6.1,0.1,ASP
4.383333333,0.943551212,2.6,0.1,ASP
2.735,0.522039271,3.2,0.1,ASP
3.148333333,0.911435071,4.1,0.1,ASP
4.48,0.282488938,4.5,0.1,GLU
3.421666667,0.353242913,3.6,0.1,GLU
5.676666667,1.213708733,4.4,0.1,GLU
3.683333333,0.203114636,3.2,0.1,GLU
4.131666667,0.319709069,3.9,0.1,GLU
4.376666667,0.307553067,4.4,0.1,GLU
4.093333333,0.515805734,4.1,0.1,GLU
3.631666667,0.3333375,3.6,0.1,GLU
4.728333333,0.097196822,4.3,0.1,GLU
4.643333333,0.154452438,4.3,0.1,GLU
4.563333333,0.198298316,4.2,0.1,GLU
4.496666667,0.288540388,4.4,0.1,GLU
6.708333333,0.336720293,7,0.1,HIS
6.088333333,0.065680202,5.5,0.1,HIS
5.528333333,0.431679536,5,0.1,HIS
6.463333333,0.525346447,7.1,0.1,HIS
6.818333333,0.481747398,7.9,0.1,HIS
3.715,0.247571538,2.7,0.1,ASP
5.145,0.594046856,3.7,0.1,ASP
2.275,0.129196233,2.1,0.1,ASP
3.34,1.266227994,4.1,0.1,ASP
3.615,0.38064638,3.2,0.1,ASP
3.215,0.418439562,2.9,0.1,GLU
6.646666667,0.384736562,6.2,0.1,GLU
6.356666667,0.082596745,5.6,0.1,HIS
9.406666667,0.199722029,10.3,0.1,TYR
10.00833333,0.259449203,9.8,0.1,TYR
11.61333333,0.203114636,12.1,0.1,TYR
10.988,0.465033332,10.6,0.1,LYS
11.092,0.323567613,10.3,0.1,LYS
10.154,0.113771701,10.4,0.1,LYS
10.044,0.031368774,10.7,0.1,LYS
10.25333333,0.237112257,10.1,0.1,LYS
10.186,0.053141321,10.2,0.1,LYS
3.09,0.546397291,2.4,0.1,ASP
3.3525,0.557107485,2.2,0.1,ASP
4.27,0.429941857,4.1,0.1,GLU
4.215,0.205608852,3.2,0.1,GLU
4.675,0.047169906,4.8,0.1,GLU
6.7825,0.350597704,7.5,0.1,HIS
9.91,0.162788206,10.2,0.1,TYR
9.9075,0.271419878,11.1,0.1,TYR
11.6675,0.287434775,12.5,0.1,TYR
11,0.421070065,9.9,0.1,LYS
10.4825,0.100343161,11.1,0.1,LYS
10.5075,0.070133801,10.1,0.1,LYS
10.805,0.307367858,11.1,0.1,LYS
3.778333333,0.220409972,3.6,0.1,ASP
3.565,0.423034672,3.2,0.1,ASP
4.361666667,0.273338415,3.9,0.1,GLU
4.386666667,0.236619714,4,0.1,GLU
9.898333333,0.315141062,9.4,0.1,TYR
10.24833333,0.087638779,10,0.1,TYR
9.93,0.286216701,11,0.1,TYR
10.28333333,0.10888322,10.6,0.1,TYR
10.424,0.035552778,10.4,0.1,LYS
10.42666667,0.044969125,10.1,0.1,LYS
10.555,0.086554414,10.6,0.1,LYS
10.13,0.135769412,9.9,0.1,LYS
3.466666667,0.438469561,3.5,0.1,ASP
3.918333333,0.126150263,3.9,0.1,ASP
4.316666667,0.229322674,3.5,0.1,ASP
3.056,0.442384448,3.1,0.1,ASP
3.076666667,0.208939119,2.8,0.1,GLU
5.005,0.054390563,4,0.1,GLU
4.618333333,0.033870669,4.7,0.1,GLU
4.33,0.339852909,4.1,0.1,GLU
4.696666667,0.048876261,3.5,0.1,GLU
3.616666667,0.127497277,6.2,0.1,HIS
5.726666667,0.118556128,6,0.1,HIS
6.806666667,0.169181034,6.7,0.1,HIS
6.23,0.384317577,6.1,0.1,HIS
3.383333333,0.375972812,3.5,0.1,ASP
3.03,0.695629212,3.5,0.1,ASP
3.775,0.251445819,4.3,0.1,ASP
3.941666667,0.035784851,4.2,0.1,ASP
3.83,0.182208672,3.9,0.1,ASP
4.461666667,0.578256479,5.6,0.1,GLU
4.705,0.142565774,5.4,0.1,GLU
4.51,0.259550894,3.6,0.1,GLU
6.276666667,1.711925492,4,0.1,GLU
3.495,0.63793286,3.3,0.1,GLU
5.298333333,0.129539784,5.3,0.1,GLU
6.426666667,0.507597829,7,0.1,HIS
6.646666667,0.97407506,7.5,0.1,HIS
5.946,0.720099993,7.3,0.1,HIS
2.646666667,0.061282588,2.9,0.1,ASP
3.903333333,0.221710522,3.8,0.1,ASP
4.126666667,0.075865378,4,0.1,ASP
3.596666667,0.177451089,3.6,0.1,ASP
3.274,0.639706183,3.4,0.1,ASP
4.056666667,0.371513421,4.4,0.1,GLU
4.05,0.208326667,3.7,0.1,GLU
3.183333333,0.320138859,4.5,0.1,GLU
4.69,0.024494897,4.4,0.1,GLU
3.653333333,0.733045398,4,0.1,GLU
3.47,0.379104207,2.9,0.1,ASP
3.556,0.343021865,3.8,0.1,ASP
2.672,1.037176938,3.3,0.1,ASP
3.286,0.639956249,3.4,0.1,ASP
4.964,1.252271536,3.1,0.1,ASP
3.818,0.54587178,4.2,0.1,ASP
3.738,0.4899551,3.8,0.1,GLU
4.366,0.318157194,3,0.1,GLU
6.865,0.266755194,6.9,0.1,HIS
6.401666667,0.37596173,7.2,0.1,HIS
6.946666667,0.349459901,7.2,0.1,HIS
6.373333333,0.22088207,6.6,0.1,HIS
6.13,0.29574764,7.2,0.1,HIS
7.031666667,0.560220691,7.6,0.1,HIS
6.036,0.12240915,6.4,0.1,HIS
6.696,0.145272158,6.7,0.1,HIS
6.171666667,0.610912341,8.2,0.1,HIS
5.654,0.281325434,6.2,0.1,HIS
7.0325,0.489406528,7.1,0.1,HIS
6.986666667,0.338017094,6.7,0.1,HIS
6.591666667,0.293167567,7,0.1,HIS
7.161666667,0.20859983,7.5,0.1,HIS
6.635,0.26656769,6,0.1,HIS
6.155,0.319934889,7.2,0.1,HIS
6.766666667,0.609334792,7.5,0.1,HIS
6.12,0.12116105,6.5,0.1,HIS
6.786666667,0.40160788,6,0.1,HIS
6.535,0.628854779,8,0.1,HIS
6.3125,0.108943793,7.9,0.1,HIS
6.77,0.393658058,6.3,0.1,HIS
6.496666667,0.460096608,8,0.1,HIS
6.338333333,0.24313348,5.3,0.1,HIS
6.438333333,0.297120439,6.6,0.1,HIS
5.383333333,1.167428323,5.6,0.1,HIS
11.12833333,0.219196766,10.3,0.1,TYR
5.641666667,0.226083809,5.4,0.1,HIS
6.288333333,0.0942367,6.5,0.1,HIS
5.118333333,0.120473602,6.1,0.1,HIS